"A0H15O04B-L11","ASICS SportStyle - GEL-LYTE III UNISEX - Zapatillas","1","83.00"
"A0H15O04M-N11","ASICS SportStyle - GEL-LYTE III OG UNISEX - Zapatillas","1","103.00"
"CLR22T007-A11","CLOSURE London - CONTRAST JACKET - Chaqueta de invierno","2","47.00"
"CLR22T007-N11","CLOSURE London - CONTRAST JACKET - Chaqueta de invierno","2","47.00"
"DO213I03A-T11","Dr. Martens - 1460 PASCAL - Botines con cordones","3","63.00"
"DO213I03O-G11","Dr. Martens - 1460 - Botines con cordones","3","67.00"
"DO213I03S-T11","Dr. Martens - 1460 - Botines con cordones","3","67.00"
"DO216I02S-Q11","Dr. Martens - 1460 UNISEX - Botines con cordones","3","67.00"
"NI111A0Y8-I11","Nike Sportswear - DUNK DISRUPT - Zapatillas","1","87.00"
"NI111A104-A11","Nike Sportswear -BLAZER 77 - Zapatillas altas","1","79.00"
"NI114D0GX-A11","Nike Sportswear - BLAZER MID '77 UNISEX - Zapatillas altas","3","63.00"
"NIJ22T01A-Q11","Night Addict - NATRAVISC - Chaqueta de invierno","2","51.00"
"PEP210022-O11","Pegador - NEUM PUFFER JACKET UNISEX - Chaqueta de invierno","2","108.00"
"PEP210023-N11","Pegador - LABIN QUILTED PUFFER JACKET UNISEX - Chaqueta de invierno","2","115.00"
"TI315O02E-A11","Onitsuka Tiger - TIGER HORIZONIA - Zapatillas","1","47.00"
